,mean_fit_time,std_fit_time,mean_score_time,std_score_time,param_criterion,param_min_impurity_decrease,param_max_depth,param_min_samples_split,params,split0_test_score,split1_test_score,split2_test_score,split3_test_score,split4_test_score,mean_test_score,std_test_score,rank_test_score,split0_train_score,split1_train_score,split2_train_score,split3_train_score,split4_train_score,mean_train_score,std_train_score
0,0.0031908035278320314,0.0007462130924321561,0.0007994651794433593,0.0003997394865374575,entropy,0.0,,,"{'criterion': 'entropy', 'min_impurity_decrease': 0.0}",0.625,0.625,0.70625,0.675,0.7125,0.66875,0.03791437722025777,113,1.0,1.0,1.0,1.0,1.0,1.0,0.0
1,0.0031982898712158204,0.00040290052561333864,0.0,0.0,entropy,0.00020408163265306123,,,"{'criterion': 'entropy', 'min_impurity_decrease': 0.00020408163265306123}",0.60625,0.61875,0.7125,0.65625,0.7,0.6587500000000001,0.0423157771995269,121,1.0,1.0,1.0,1.0,1.0,1.0,0.0
2,0.0029802799224853517,0.0006202128257801319,0.0,0.0,entropy,0.00040816326530612246,,,"{'criterion': 'entropy', 'min_impurity_decrease': 0.00040816326530612246}",0.61875,0.65,0.70625,0.66875,0.7125,0.6712499999999999,0.03504461442219047,112,1.0,1.0,1.0,1.0,1.0,1.0,0.0
3,0.002992057800292969,0.0006228123730794401,0.0001995563507080078,0.0003991127014160156,entropy,0.0006122448979591836,,,"{'criterion': 'entropy', 'min_impurity_decrease': 0.0006122448979591836}",0.61875,0.63125,0.69375,0.65625,0.7125,0.6625,0.035794552658190884,117,1.0,1.0,1.0,1.0,1.0,1.0,0.0
4,0.0027872562408447266,0.0003965742184832213,0.0001994609832763672,0.00039892196655273444,entropy,0.0008163265306122449,,,"{'criterion': 'entropy', 'min_impurity_decrease': 0.0008163265306122449}",0.61875,0.6375,0.725,0.6625,0.7125,0.67125,0.04138236339311712,111,1.0,1.0,1.0,1.0,1.0,1.0,0.0
5,0.002599191665649414,0.00048032963166133423,0.0,0.0,entropy,0.0010204081632653062,,,"{'criterion': 'entropy', 'min_impurity_decrease': 0.0010204081632653062}",0.64375,0.625,0.70625,0.65,0.6875,0.6625,0.02984334096578331,117,1.0,1.0,1.0,1.0,1.0,1.0,0.0
6,0.0025922298431396485,0.00048571721324489287,0.00039930343627929686,0.000489045672592973,entropy,0.0012244897959183673,,,"{'criterion': 'entropy', 'min_impurity_decrease': 0.0012244897959183673}",0.6375,0.61875,0.6625,0.66875,0.7125,0.66,0.031770662567847094,119,0.9953125,0.9921875,0.996875,1.0,0.9953125,0.9959374999999999,0.00253876200144873
7,0.0025907516479492187,0.00048705811618703933,0.0003985881805419922,0.0004881691151992473,entropy,0.0014285714285714286,,,"{'criterion': 'entropy', 'min_impurity_decrease': 0.0014285714285714286}",0.65,0.6375,0.725,0.66875,0.71875,0.68,0.03566335654421776,107,0.996875,0.9890625,0.9828125,0.996875,0.9953125,0.9921875,0.005502130269268443
8,0.0025947093963623047,0.0004883396869947176,0.00020012855529785156,0.0004002571105957031,entropy,0.0016326530612244899,,,"{'criterion': 'entropy', 'min_impurity_decrease': 0.0016326530612244899}",0.6375,0.61875,0.73125,0.69375,0.7,0.6762499999999999,0.04172079817069658,109,0.9890625,0.9890625,0.98125,0.9984375,0.9890625,0.9893749999999999,0.0054486236794258494
9,0.002793121337890625,0.0003810975345230663,0.00019822120666503906,0.0003964424133300781,entropy,0.0018367346938775511,,,"{'criterion': 'entropy', 'min_impurity_decrease': 0.0018367346938775511}",0.675,0.64375,0.73125,0.65,0.70625,0.68125,0.03330728148618555,106,0.9375,0.9734375,0.9734375,0.996875,0.9671875,0.9696874999999998,0.019024039069030513
10,0.0023931026458740234,0.0004885387765992848,0.0005985260009765625,0.0004886945264472148,entropy,0.0020408163265306124,,,"{'criterion': 'entropy', 'min_impurity_decrease': 0.0020408163265306124}",0.6875,0.6375,0.725,0.6625,0.75,0.6925,0.040773766075750235,103,0.91875,0.9640625,0.9578125,0.9828125,0.9453125,0.9537500000000001,0.021277555663186513
11,0.002398395538330078,0.0004870759487928667,0.00019993782043457032,0.0003998756408691407,entropy,0.0022448979591836735,,,"{'criterion': 'entropy', 'min_impurity_decrease': 0.0022448979591836735}",0.68125,0.675,0.74375,0.6875,0.75,0.7075,0.03245188746436792,97,0.9078125,0.9546875,0.9609375,0.959375,0.94375,0.9453125,0.0196899800025292
12,0.0021887302398681642,0.00040074991387757577,0.0005987167358398437,0.0004888528266825311,entropy,0.0024489795918367346,,,"{'criterion': 'entropy', 'min_impurity_decrease': 0.0024489795918367346}",0.7125,0.6875,0.75625,0.675,0.7625,0.71875,0.03535533905932735,94,0.9,0.9375,0.9515625,0.9546875,0.94375,0.9375,0.0196899800025292
13,0.0019939899444580077,2.4314019744838644e-07,0.0001995086669921875,0.000399017333984375,entropy,0.002653061224489796,,,"{'criterion': 'entropy', 'min_impurity_decrease': 0.002653061224489796}",0.7375,0.71875,0.76875,0.675,0.76875,0.73375,0.03504461442219047,89,0.8875,0.9203125,0.9390625,0.9375,0.934375,0.9237499999999998,0.019299247070805655
14,0.002194786071777344,0.0004019033691722771,0.0003986358642578125,0.0004882287205812277,entropy,0.002857142857142857,,,"{'criterion': 'entropy', 'min_impurity_decrease': 0.002857142857142857}",0.74375,0.75625,0.76875,0.71875,0.775,0.7525,0.020000000000000007,81,0.878125,0.9109375,0.9265625,0.9203125,0.9171875,0.9106250000000001,0.017013321986020225
15,0.001989459991455078,1.0422573922969246e-05,0.0005972862243652343,0.00048768808892719895,entropy,0.0030612244897959186,,,"{'criterion': 'entropy', 'min_impurity_decrease': 0.0030612244897959186}",0.76875,0.775,0.75,0.7,0.78125,0.7550000000000001,0.029421505739849575,80,0.85,0.90625,0.9046875,0.9203125,0.890625,0.8943750000000001,0.024096972060821256
16,0.0021950244903564454,0.00039844821090565777,0.0,0.0,entropy,0.0032653061224489797,,,"{'criterion': 'entropy', 'min_impurity_decrease': 0.0032653061224489797}",0.76875,0.78125,0.75,0.725,0.78125,0.76125,0.02143303524935282,77,0.85,0.88125,0.89375,0.878125,0.8671875,0.8740625,0.014710752869924792
17,0.0019898414611816406,9.902841320483025e-06,0.0,0.0,entropy,0.0034693877551020408,,,"{'criterion': 'entropy', 'min_impurity_decrease': 0.0034693877551020408}",0.775,0.8,0.7625,0.74375,0.775,0.77125,0.01837117307087385,72,0.846875,0.86875,0.8859375,0.875,0.859375,0.8671875,0.013331705629813463
18,0.001999950408935547,2.2473957988805132e-05,0.00020194053649902344,0.0004038810729980469,entropy,0.0036734693877551023,,,"{'criterion': 'entropy', 'min_impurity_decrease': 0.0036734693877551023}",0.76875,0.8,0.7625,0.74375,0.76875,0.76875,0.01811422093273681,74,0.8453125,0.85625,0.8859375,0.8703125,0.8515625,0.8618750000000001,0.01457737973711327
19,0.0019962310791015623,1.9096956118460807e-05,0.00019402503967285155,0.00038805007934570305,entropy,0.0038775510204081634,,,"{'criterion': 'entropy', 'min_impurity_decrease': 0.0038775510204081634}",0.775,0.8,0.7875,0.76875,0.76875,0.78,0.012119199643540817,63,0.8453125,0.85625,0.8765625,0.8609375,0.8515625,0.858125,0.010569709078304857
20,0.001988506317138672,1.8882149388126194e-05,0.00019941329956054687,0.0003988265991210938,entropy,0.004081632653061225,,,"{'criterion': 'entropy', 'min_impurity_decrease': 0.004081632653061225}",0.78125,0.8,0.775,0.76875,0.76875,0.7787499999999999,0.01159202311936963,66,0.8421875,0.85625,0.8765625,0.8515625,0.8484375,0.8549999999999999,0.011709371246997015
21,0.0022005558013916014,0.0004127268808824965,0.00019941329956054687,0.0003988265991210938,entropy,0.004285714285714286,,,"{'criterion': 'entropy', 'min_impurity_decrease': 0.004285714285714286}",0.78125,0.79375,0.7875,0.76875,0.76875,0.7799999999999999,0.009999999999999964,64,0.8359375,0.85,0.8734375,0.8484375,0.8484375,0.8512500000000001,0.012199513309964456
22,0.002199411392211914,0.00039406761530304225,0.0003986835479736328,0.0004882866143885625,entropy,0.004489795918367347,,,"{'criterion': 'entropy', 'min_impurity_decrease': 0.004489795918367347}",0.76875,0.79375,0.775,0.76875,0.78125,0.7775000000000001,0.009354143466934821,69,0.8328125,0.85,0.86875,0.846875,0.846875,0.8490624999999999,0.011507470399701247
23,0.0019866943359375,0.0006310385808347787,0.0003989219665527344,0.0004885776326209085,entropy,0.004693877551020408,,,"{'criterion': 'entropy', 'min_impurity_decrease': 0.004693877551020408}",0.7875,0.79375,0.76875,0.76875,0.78125,0.7799999999999999,0.009999999999999966,64,0.81875,0.85,0.86875,0.846875,0.846875,0.8462500000000001,0.01598338981568054
24,0.0019919872283935547,0.0006305486771712671,0.0003987789154052734,0.0004884024838356029,entropy,0.004897959183673469,,,"{'criterion': 'entropy', 'min_impurity_decrease': 0.004897959183673469}",0.79375,0.79375,0.775,0.76875,0.78125,0.7825,0.009999999999999964,61,0.8171875,0.85,0.8671875,0.846875,0.8359375,0.8434375,0.016518219108003152
25,0.0017952919006347656,0.0003989950129591397,0.00019936561584472657,0.00039873123168945315,entropy,0.005102040816326531,,,"{'criterion': 'entropy', 'min_impurity_decrease': 0.005102040816326531}",0.79375,0.8,0.8,0.76875,0.78125,0.78875,0.01211919964354082,50,0.8171875,0.840625,0.8390625,0.846875,0.834375,0.835625,0.01004870949425848
26,0.0017955303192138672,0.0003991130432346206,0.0,0.0,entropy,0.005306122448979592,,,"{'criterion': 'entropy', 'min_impurity_decrease': 0.005306122448979592}",0.8,0.8,0.8,0.76875,0.78125,0.79,0.012869537676233755,41,0.8171875,0.828125,0.8375,0.8390625,0.8296875,0.8303125000000001,0.00781874750199803
27,0.001588726043701172,0.0004971481572357036,0.0004058361053466797,0.0004971593577571271,entropy,0.005510204081632653,,,"{'criterion': 'entropy', 'min_impurity_decrease': 0.005510204081632653}",0.79375,0.8,0.8,0.76875,0.7875,0.7899999999999999,0.011592023119369627,42,0.8125,0.8265625,0.8265625,0.8390625,0.8265625,0.8262499999999999,0.008408515029421082
28,0.0017869949340820312,0.000395639907861219,0.0,0.0,entropy,0.005714285714285714,,,"{'criterion': 'entropy', 'min_impurity_decrease': 0.005714285714285714}",0.79375,0.8,0.8,0.76875,0.7875,0.7899999999999999,0.011592023119369627,42,0.809375,0.825,0.8265625,0.8359375,0.8265625,0.8246874999999999,0.008580956386091252
29,0.0012090206146240234,0.00039152311873034377,0.0003939628601074219,0.00048259750033315915,entropy,0.005918367346938775,,,"{'criterion': 'entropy', 'min_impurity_decrease': 0.005918367346938775}",0.79375,0.8125,0.8,0.775,0.7875,0.79375,0.012499999999999999,35,0.80625,0.815625,0.81875,0.81875,0.8265625,0.8171875,0.006555055301063428
30,0.0013872623443603516,0.0004807569941318661,0.0003994941711425781,0.0004892790181476535,entropy,0.006122448979591837,,,"{'criterion': 'entropy', 'min_impurity_decrease': 0.006122448979591837}",0.79375,0.8125,0.8,0.79375,0.7875,0.7975000000000001,0.0084779124789066,5,0.80625,0.815625,0.815625,0.8046875,0.8265625,0.81375,0.00786854894500885
31,0.0009912490844726563,0.0006215949151368582,0.00039925575256347654,0.0004889869061275924,entropy,0.006326530612244898,,,"{'criterion': 'entropy', 'min_impurity_decrease': 0.006326530612244898}",0.79375,0.8125,0.79375,0.79375,0.7875,0.7962499999999999,0.008477912478906597,15,0.803125,0.815625,0.8125,0.8046875,0.8265625,0.8125,0.008443285053816436
32,0.001203155517578125,0.000410509594143681,0.00019860267639160156,0.0003972053527832031,entropy,0.006530612244897959,,,"{'criterion': 'entropy', 'min_impurity_decrease': 0.006530612244897959}",0.79375,0.8125,0.79375,0.79375,0.7875,0.7962499999999999,0.008477912478906597,15,0.803125,0.815625,0.8125,0.8046875,0.8265625,0.8125,0.008443285053816436
33,0.001386880874633789,0.0004829979116108932,0.00019698143005371095,0.0003939628601074219,entropy,0.0067346938775510205,,,"{'criterion': 'entropy', 'min_impurity_decrease': 0.0067346938775510205}",0.79375,0.81875,0.79375,0.79375,0.7875,0.7975000000000001,0.010897247358851688,5,0.803125,0.8078125,0.8125,0.8046875,0.8125,0.8081250000000001,0.0038780230143721475
34,0.0011992454528808594,0.0003979517345699988,0.00019974708557128905,0.0003994941711425781,entropy,0.0069387755102040816,,,"{'criterion': 'entropy', 'min_impurity_decrease': 0.0069387755102040816}",0.8,0.81875,0.79375,0.79375,0.7875,0.79875,0.01075290658380329,1,0.796875,0.8078125,0.8125,0.8046875,0.8125,0.806875,0.005812836011793212
35,0.0011982917785644531,0.00039828150116176953,0.00019321441650390624,0.0003864288330078125,entropy,0.0071428571428571435,,,"{'criterion': 'entropy', 'min_impurity_decrease': 0.0071428571428571435}",0.8,0.81875,0.79375,0.79375,0.7875,0.79875,0.01075290658380329,1,0.796875,0.8078125,0.8125,0.8046875,0.8125,0.806875,0.005812836011793212
36,0.0012007713317871093,0.0003929533579755109,0.0,0.0,entropy,0.007346938775510205,,,"{'criterion': 'entropy', 'min_impurity_decrease': 0.007346938775510205}",0.8,0.81875,0.79375,0.79375,0.7875,0.79875,0.01075290658380329,1,0.796875,0.8078125,0.8125,0.8046875,0.8125,0.806875,0.005812836011793212
37,0.0012023448944091797,0.00039526170764120485,0.0003901004791259766,0.0004777845603089557,entropy,0.007551020408163266,,,"{'criterion': 'entropy', 'min_impurity_decrease': 0.007551020408163266}",0.8,0.81875,0.79375,0.79375,0.7875,0.79875,0.01075290658380329,1,0.796875,0.8078125,0.8109375,0.8046875,0.8125,0.8065625000000001,0.005537514108334171
38,0.0011826038360595703,0.0003892566733583925,0.0004059314727783203,0.0004972489711365513,entropy,0.007755102040816327,,,"{'criterion': 'entropy', 'min_impurity_decrease': 0.007755102040816327}",0.8,0.8,0.79375,0.79375,0.7875,0.795,0.0046770717334674574,19,0.796875,0.796875,0.8109375,0.8046875,0.8125,0.804375,0.006658523672707032
39,0.0010111808776855468,1.950689469908695e-05,0.00019898414611816407,0.00039796829223632814,entropy,0.007959183673469388,,,"{'criterion': 'entropy', 'min_impurity_decrease': 0.007959183673469388}",0.8,0.8,0.79375,0.79375,0.7875,0.795,0.0046770717334674574,19,0.796875,0.796875,0.8109375,0.8046875,0.8125,0.804375,0.006658523672707032
40,0.000997781753540039,3.7272686473584755e-06,0.0006036758422851562,0.0004930157714380232,entropy,0.00816326530612245,,,"{'criterion': 'entropy', 'min_impurity_decrease': 0.00816326530612245}",0.8,0.8,0.79375,0.79375,0.7875,0.795,0.0046770717334674574,19,0.796875,0.796875,0.8109375,0.7984375,0.80625,0.8018750000000001,0.005711145900780327
41,0.0011874675750732423,0.0007400944447704191,0.000399017333984375,0.0004886944333937081,entropy,0.00836734693877551,,,"{'criterion': 'entropy', 'min_impurity_decrease': 0.00836734693877551}",0.8,0.8,0.79375,0.79375,0.7875,0.795,0.0046770717334674574,19,0.796875,0.796875,0.8109375,0.7984375,0.80625,0.8018750000000001,0.005711145900780327
42,0.0011902332305908203,0.0004023929132058854,0.0001995086669921875,0.000399017333984375,entropy,0.008571428571428572,,,"{'criterion': 'entropy', 'min_impurity_decrease': 0.008571428571428572}",0.8,0.8,0.79375,0.79375,0.7875,0.795,0.0046770717334674574,19,0.796875,0.796875,0.8109375,0.7984375,0.80625,0.8018750000000001,0.005711145900780327
43,0.0011986732482910157,0.00039645396989574576,0.0005923748016357422,0.0004837637547655704,entropy,0.008775510204081634,,,"{'criterion': 'entropy', 'min_impurity_decrease': 0.008775510204081634}",0.8,0.8,0.79375,0.79375,0.7875,0.795,0.0046770717334674574,19,0.796875,0.796875,0.8109375,0.7984375,0.80625,0.8018750000000001,0.005711145900780327
44,0.0010026454925537109,1.0862681188731433e-05,0.0005920886993408203,0.00048357681927569995,entropy,0.008979591836734694,,,"{'criterion': 'entropy', 'min_impurity_decrease': 0.008979591836734694}",0.8,0.8,0.79375,0.79375,0.7875,0.795,0.0046770717334674574,19,0.796875,0.796875,0.8109375,0.7984375,0.80625,0.8018750000000001,0.005711145900780327
45,0.001190948486328125,0.0003847879513501683,0.00019941329956054687,0.00039882659912109374,entropy,0.009183673469387756,,,"{'criterion': 'entropy', 'min_impurity_decrease': 0.009183673469387756}",0.8,0.8,0.79375,0.79375,0.7875,0.795,0.0046770717334674574,19,0.796875,0.796875,0.8109375,0.7984375,0.80625,0.8018750000000001,0.005711145900780327
46,0.0009950637817382813,0.000621538141818457,0.0007993221282958984,0.00039967501301992937,entropy,0.009387755102040816,,,"{'criterion': 'entropy', 'min_impurity_decrease': 0.009387755102040816}",0.8,0.8,0.79375,0.79375,0.79375,0.79625,0.003061862178479016,10,0.796875,0.796875,0.8109375,0.7984375,0.803125,0.8012499999999999,0.00535825881233819
47,0.0009996414184570313,0.0006329398637231137,0.0003991127014160156,0.0004888113271977794,entropy,0.009591836734693878,,,"{'criterion': 'entropy', 'min_impurity_decrease': 0.009591836734693878}",0.8,0.8,0.79375,0.79375,0.79375,0.79625,0.003061862178479016,10,0.796875,0.796875,0.8109375,0.7984375,0.803125,0.8012499999999999,0.00535825881233819
48,0.0011963367462158204,0.00038498216282818016,0.0003996849060058594,0.0004895124103955381,entropy,0.009795918367346938,,,"{'criterion': 'entropy', 'min_impurity_decrease': 0.009795918367346938}",0.8,0.8,0.79375,0.79375,0.79375,0.79625,0.003061862178479016,10,0.796875,0.796875,0.8109375,0.7984375,0.803125,0.8012499999999999,0.00535825881233819
49,0.001201963424682617,0.0003812570754045462,0.00019583702087402343,0.0003916740417480469,entropy,0.01,,,"{'criterion': 'entropy', 'min_impurity_decrease': 0.01}",0.8,0.8,0.79375,0.79375,0.79375,0.79625,0.003061862178479016,10,0.796875,0.796875,0.8109375,0.7984375,0.803125,0.8012499999999999,0.00535825881233819
50,0.0018045902252197266,0.00040381353887817433,0.0003924846649169922,0.0004807981578751403,gini,0.0,,,"{'criterion': 'gini', 'min_impurity_decrease': 0.0}",0.625,0.64375,0.7125,0.66875,0.66875,0.6637500000000001,0.02942150573984955,115,1.0,1.0,1.0,1.0,1.0,1.0,0.0
51,0.0019899845123291016,0.0006302142000693184,0.0005919933319091797,0.0004834190066854969,gini,0.00010204081632653062,,,"{'criterion': 'gini', 'min_impurity_decrease': 0.00010204081632653062}",0.60625,0.6375,0.7,0.65625,0.68125,0.6562499999999999,0.03283481384140925,122,1.0,1.0,1.0,1.0,0.9984375,0.9996875,0.0006250000000000089
52,0.0017879962921142577,0.0003955407082047869,0.0006002902984619141,0.0004901473699664762,gini,0.00020408163265306123,,,"{'criterion': 'gini', 'min_impurity_decrease': 0.00020408163265306123}",0.6,0.65625,0.69375,0.675,0.70625,0.66625,0.03720719016534306,114,0.9984375,0.996875,0.99375,1.0,0.9953125,0.996875,0.0022097086912079454
53,0.0021802425384521485,0.00041913103586913643,0.00020503997802734375,0.0004100799560546875,gini,0.0003061224489795918,,,"{'criterion': 'gini', 'min_impurity_decrease': 0.0003061224489795918}",0.61875,0.65625,0.69375,0.6875,0.6625,0.6637500000000001,0.02663409469082813,115,0.990625,0.9828125,0.9875,0.9828125,0.990625,0.9868750000000001,0.0035078038001005725
54,0.0019969940185546875,1.5658129972331852e-05,0.00039267539978027344,0.0004810619118868598,gini,0.00040816326530612246,,,"{'criterion': 'gini', 'min_impurity_decrease': 0.00040816326530612246}",0.6375,0.65625,0.71875,0.675,0.675,0.6725,0.02698379143115364,110,0.9890625,0.98125,0.98125,0.984375,0.9859375,0.984375,0.002964635306407863
55,0.0015923500061035157,0.0004993906793301651,0.000797891616821289,0.00039944058739853046,gini,0.0005102040816326531,,,"{'criterion': 'gini', 'min_impurity_decrease': 0.0005102040816326531}",0.63125,0.66875,0.70625,0.69375,0.6875,0.6775,0.026100766272276393,108,0.98125,0.975,0.9796875,0.975,0.96875,0.9759374999999999,0.004374999999999999
56,0.0020057201385498048,0.0006410266584718924,0.00019903182983398436,0.00039806365966796873,gini,0.0006122448979591836,,,"{'criterion': 'gini', 'min_impurity_decrease': 0.0006122448979591836}",0.66875,0.675,0.71875,0.70625,0.7,0.69375,0.01895718861012888,102,0.9734375,0.965625,0.96875,0.9640625,0.9484375,0.9640625,0.008443285053816406
57,0.0015913009643554687,0.0004843550886125942,0.0008038520812988281,0.0004020771841487093,gini,0.0007142857142857143,,,"{'criterion': 'gini', 'min_impurity_decrease': 0.0007142857142857143}",0.675,0.66875,0.69375,0.74375,0.7125,0.69875,0.027214426321346564,100,0.9515625,0.965625,0.9671875,0.9515625,0.9390625,0.9550000000000001,0.010383279828647575
58,0.0013959884643554687,0.0007978453865284258,0.0005990505218505859,0.0004891266619372853,gini,0.0008163265306122449,,,"{'criterion': 'gini', 'min_impurity_decrease': 0.0008163265306122449}",0.68125,0.6875,0.7125,0.725,0.73125,0.7074999999999999,0.019921721813136516,98,0.9484375,0.9609375,0.9625,0.946875,0.93125,0.95,0.011310600669283655
59,0.0015892982482910156,0.00048222087036405546,0.00019941329956054687,0.00039882659912109374,gini,0.0009183673469387756,,,"{'criterion': 'gini', 'min_impurity_decrease': 0.0009183673469387756}",0.65625,0.78125,0.69375,0.74375,0.74375,0.72375,0.04373213921133976,92,0.93125,0.9203125,0.9578125,0.940625,0.921875,0.934375,0.013799626353637254
60,0.001789236068725586,0.00039761101819973233,0.00019989013671875,0.0003997802734375,gini,0.0010204081632653062,,,"{'criterion': 'gini', 'min_impurity_decrease': 0.0010204081632653062}",0.71875,0.78125,0.7125,0.7125,0.74375,0.7337499999999999,0.02639839010242859,90,0.884375,0.921875,0.9390625,0.9328125,0.9171875,0.9190624999999999,0.018993214248778433
61,0.0016010761260986327,0.0004913838403555544,0.0003981590270996094,0.00048764380927635064,gini,0.0011224489795918367,,,"{'criterion': 'gini', 'min_impurity_decrease': 0.0011224489795918367}",0.7375,0.78125,0.7625,0.70625,0.75,0.7474999999999999,0.025186802099512334,85,0.8703125,0.9078125,0.9,0.91875,0.890625,0.8975,0.01643524224038086
62,0.0015988349914550781,0.0004906908062083988,0.00039591789245605467,0.0004849202179600519,gini,0.0012244897959183673,,,"{'criterion': 'gini', 'min_impurity_decrease': 0.0012244897959183673}",0.7375,0.7875,0.7625,0.725,0.74375,0.75125,0.021794494717703356,82,0.8578125,0.8875,0.9,0.8921875,0.890625,0.8856249999999999,0.01450350173234038
63,0.0015902042388916016,0.0004837155716678383,0.0002048015594482422,0.0004096031188964844,gini,0.001326530612244898,,,"{'criterion': 'gini', 'min_impurity_decrease': 0.001326530612244898}",0.7375,0.7875,0.75625,0.75625,0.74375,0.75625,0.017230060940112757,79,0.8578125,0.8796875,0.903125,0.8828125,0.8890625,0.8825,0.01473728265318949
64,0.001794290542602539,0.0003984958514592656,0.0,0.0,gini,0.0014285714285714286,,,"{'criterion': 'gini', 'min_impurity_decrease': 0.0014285714285714286}",0.75,0.7875,0.7875,0.75625,0.7625,0.76875,0.015811388300841892,74,0.853125,0.8765625,0.8765625,0.8828125,0.878125,0.8734375,0.010411457030598549
65,0.0011948108673095702,0.00039323195521954275,0.0005918502807617188,0.00048334982810785984,gini,0.0015306122448979593,,,"{'criterion': 'gini', 'min_impurity_decrease': 0.0015306122448979593}",0.76875,0.79375,0.79375,0.76875,0.78125,0.78125,0.011180339887498909,62,0.85,0.875,0.85625,0.8640625,0.8640625,0.8618750000000001,0.008420120990817183
66,0.0013970375061035157,0.00048801385460849273,0.00039811134338378905,0.00048794610099635663,gini,0.0016326530612244899,,,"{'criterion': 'gini', 'min_impurity_decrease': 0.0016326530612244899}",0.75,0.7875,0.7875,0.775,0.78125,0.77625,0.013919410907075047,70,0.85,0.8625,0.84375,0.85625,0.8546875,0.8534374999999998,0.00628117226320057
67,0.0009974956512451172,5.519789172549356e-07,0.00039238929748535155,0.0004806877682908433,gini,0.0017346938775510204,,,"{'criterion': 'gini', 'min_impurity_decrease': 0.0017346938775510204}",0.7625,0.7875,0.7875,0.775,0.78125,0.7787499999999999,0.009354143466934858,66,0.83125,0.85625,0.840625,0.85625,0.8546875,0.8478125000000001,0.010155048005794934
68,0.0012000560760498046,0.0003927575305173124,0.00080413818359375,0.0004021854001681827,gini,0.0018367346938775511,,,"{'criterion': 'gini', 'min_impurity_decrease': 0.0018367346938775511}",0.79375,0.7875,0.7875,0.775,0.78125,0.7849999999999999,0.006373774391990958,59,0.825,0.8515625,0.8375,0.8578125,0.8546875,0.8453125,0.012303137303143469
69,0.0015884876251220704,0.0007901646175678586,0.0001995086669921875,0.000399017333984375,gini,0.0019387755102040817,,,"{'criterion': 'gini', 'min_impurity_decrease': 0.0019387755102040817}",0.79375,0.79375,0.7875,0.775,0.78125,0.78625,0.0072886898685566,52,0.825,0.840625,0.8375,0.8546875,0.8546875,0.8424999999999999,0.011241316092878125
70,0.0013926506042480468,0.0004856764570555346,0.0001937389373779297,0.0003874778747558594,gini,0.0020408163265306124,,,"{'criterion': 'gini', 'min_impurity_decrease': 0.0020408163265306124}",0.79375,0.79375,0.7875,0.775,0.78125,0.78625,0.0072886898685566,52,0.825,0.840625,0.8375,0.85625,0.853125,0.8425,0.011284668803292375
71,0.0011964797973632812,0.0004007354229732415,0.0003993988037109375,0.0004891683531339821,gini,0.002142857142857143,,,"{'criterion': 'gini', 'min_impurity_decrease': 0.002142857142857143}",0.8,0.79375,0.79375,0.775,0.78125,0.7887500000000001,0.009185586535436913,45,0.81875,0.840625,0.8328125,0.853125,0.853125,0.8396874999999999,0.013020416659999808
72,0.0009984970092773438,2.0342568404866737e-06,0.0001926422119140625,0.000385284423828125,gini,0.0022448979591836735,,,"{'criterion': 'gini', 'min_impurity_decrease': 0.0022448979591836735}",0.8,0.79375,0.79375,0.775,0.78125,0.7887500000000001,0.009185586535436913,45,0.81875,0.840625,0.83125,0.8390625,0.8515625,0.8362499999999999,0.010888282118865217
73,0.0010013580322265625,5.923154406301655e-06,0.00019631385803222656,0.0003926277160644531,gini,0.002346938775510204,,,"{'criterion': 'gini', 'min_impurity_decrease': 0.002346938775510204}",0.8,0.79375,0.79375,0.775,0.78125,0.7887500000000001,0.009185586535436913,45,0.8171875,0.8375,0.83125,0.834375,0.846875,0.8334375000000002,0.009662265521087718
74,0.0009958267211914063,1.7546052449201677e-06,0.000200653076171875,0.00040130615234375,gini,0.0024489795918367346,,,"{'criterion': 'gini', 'min_impurity_decrease': 0.0024489795918367346}",0.79375,0.79375,0.79375,0.775,0.78125,0.7874999999999999,0.007905694150420922,51,0.8171875,0.8375,0.83125,0.8328125,0.8453125,0.8328125000000002,0.009217425752345413
75,0.0011987686157226562,0.00040138035100075674,0.0,0.0,gini,0.0025510204081632655,,,"{'criterion': 'gini', 'min_impurity_decrease': 0.0025510204081632655}",0.78125,0.79375,0.79375,0.775,0.78125,0.7849999999999999,0.007499999999999973,59,0.8171875,0.8359375,0.83125,0.8328125,0.8453125,0.8325000000000001,0.009078649403958739
76,0.001596689224243164,0.00048657298688403234,0.000588083267211914,0.0004803319085660152,gini,0.002653061224489796,,,"{'criterion': 'gini', 'min_impurity_decrease': 0.002653061224489796}",0.8,0.79375,0.79375,0.775,0.78125,0.7887500000000001,0.009185586535436913,45,0.8171875,0.834375,0.8296875,0.8328125,0.8453125,0.8318749999999999,0.009035520184250618
77,0.0007982254028320312,0.00039911398323427496,0.00020470619201660157,0.0004094123840332032,gini,0.0027551020408163266,,,"{'criterion': 'gini', 'min_impurity_decrease': 0.0027551020408163266}",0.79375,0.7875,0.79375,0.775,0.78125,0.78625,0.0072886898685566,52,0.815625,0.8296875,0.8296875,0.83125,0.8453125,0.8303125000000001,0.009406198089557751
78,0.0010006427764892578,2.5942746179076085e-06,0.0,0.0,gini,0.002857142857142857,,,"{'criterion': 'gini', 'min_impurity_decrease': 0.002857142857142857}",0.79375,0.7875,0.79375,0.775,0.78125,0.78625,0.0072886898685566,52,0.815625,0.8296875,0.8296875,0.83125,0.8453125,0.8303125000000001,0.009406198089557751
79,0.0007987499237060546,0.00039937662356344475,0.0001990795135498047,0.0003981590270996094,gini,0.0029591836734693877,,,"{'criterion': 'gini', 'min_impurity_decrease': 0.0029591836734693877}",0.8,0.79375,0.79375,0.775,0.78125,0.7887500000000001,0.009185586535436913,45,0.8125,0.821875,0.8296875,0.83125,0.8453125,0.828125,0.010870329456828812
80,0.001004505157470703,0.0006420427458545287,0.0001995563507080078,0.0003991127014160156,gini,0.0030612244897959186,,,"{'criterion': 'gini', 'min_impurity_decrease': 0.0030612244897959186}",0.8,0.79375,0.78125,0.775,0.78125,0.78625,0.00918558653543692,52,0.8125,0.821875,0.825,0.83125,0.8453125,0.8271875,0.010897247358851694
81,0.0007917404174804688,0.00039615570838783204,0.00019941329956054687,0.00039882659912109374,gini,0.003163265306122449,,,"{'criterion': 'gini', 'min_impurity_decrease': 0.003163265306122449}",0.79375,0.79375,0.78125,0.775,0.7875,0.78625,0.0072886898685566,52,0.809375,0.821875,0.81875,0.83125,0.8265625,0.8215625,0.0074214638043987235
82,0.0007976055145263672,0.00074599608462516,0.0003991127014160156,0.0004888112574243273,gini,0.0032653061224489797,,,"{'criterion': 'gini', 'min_impurity_decrease': 0.0032653061224489797}",0.79375,0.79375,0.78125,0.79375,0.7875,0.7899999999999999,0.004999999999999983,42,0.803125,0.821875,0.81875,0.8171875,0.8265625,0.8174999999999999,0.007868548945008862
83,0.0007982254028320312,0.00039911409717347657,0.00019931793212890625,0.0003986358642578125,gini,0.0033673469387755102,,,"{'criterion': 'gini', 'min_impurity_decrease': 0.0033673469387755102}",0.79375,0.80625,0.78125,0.79375,0.7875,0.7925,0.008291561975888507,36,0.803125,0.8171875,0.81875,0.8046875,0.8265625,0.8140625,0.00889390591922356
84,0.0007985591888427735,0.0003992812280558278,0.0005979537963867188,0.0004882325626850664,gini,0.0034693877551020408,,,"{'criterion': 'gini', 'min_impurity_decrease': 0.0034693877551020408}",0.79375,0.80625,0.78125,0.79375,0.7875,0.7925,0.008291561975888507,36,0.803125,0.8171875,0.81875,0.8046875,0.8265625,0.8140625,0.00889390591922356
85,0.0009996891021728516,1.3402432749324032e-06,0.0,0.0,gini,0.0035714285714285718,,,"{'criterion': 'gini', 'min_impurity_decrease': 0.0035714285714285718}",0.79375,0.80625,0.78125,0.79375,0.7875,0.7925,0.008291561975888507,36,0.803125,0.8171875,0.81875,0.8046875,0.8265625,0.8140625,0.00889390591922356
86,0.00119476318359375,0.0003901488913261421,0.00019631385803222656,0.0003926277160644531,gini,0.0036734693877551023,,,"{'criterion': 'gini', 'min_impurity_decrease': 0.0036734693877551023}",0.79375,0.80625,0.78125,0.79375,0.7875,0.7925,0.008291561975888507,36,0.803125,0.8171875,0.81875,0.8046875,0.8265625,0.8140625,0.00889390591922356
87,0.000997638702392578,6.503191803448608e-07,0.0,0.0,gini,0.003775510204081633,,,"{'criterion': 'gini', 'min_impurity_decrease': 0.003775510204081633}",0.79375,0.80625,0.78125,0.79375,0.7875,0.7925,0.008291561975888507,36,0.803125,0.8171875,0.81875,0.8046875,0.8265625,0.8140625,0.00889390591922356
88,0.0011981010437011718,0.0003982676968782783,0.0,0.0,gini,0.0038775510204081634,,,"{'criterion': 'gini', 'min_impurity_decrease': 0.0038775510204081634}",0.79375,0.81875,0.78125,0.79375,0.7875,0.795,0.01274754878398196,19,0.803125,0.8078125,0.81875,0.8046875,0.8265625,0.8121875,0.009024705673871022
89,0.0009988784790039063,2.6617595170884824e-06,0.0,0.0,gini,0.003979591836734694,,,"{'criterion': 'gini', 'min_impurity_decrease': 0.003979591836734694}",0.79375,0.81875,0.78125,0.79375,0.7875,0.795,0.01274754878398196,19,0.803125,0.8078125,0.81875,0.8046875,0.8265625,0.8121875,0.009024705673871022
90,0.0009982585906982422,1.6310340286719389e-06,0.0,0.0,gini,0.004081632653061225,,,"{'criterion': 'gini', 'min_impurity_decrease': 0.004081632653061225}",0.79375,0.81875,0.78125,0.79375,0.7875,0.795,0.01274754878398196,19,0.803125,0.8078125,0.81875,0.8046875,0.8265625,0.8121875,0.009024705673871022
91,0.0009926319122314452,0.0006222742745677203,0.0001995563507080078,0.0003991127014160156,gini,0.004183673469387755,,,"{'criterion': 'gini', 'min_impurity_decrease': 0.004183673469387755}",0.79375,0.81875,0.78125,0.79375,0.7875,0.795,0.01274754878398196,19,0.803125,0.8078125,0.81875,0.8046875,0.8125,0.809375,0.005676844413932792
92,0.0007983684539794922,0.0003991852914205546,0.0003989696502685547,0.0004886360388238481,gini,0.004285714285714286,,,"{'criterion': 'gini', 'min_impurity_decrease': 0.004285714285714286}",0.79375,0.81875,0.78125,0.79375,0.7875,0.795,0.01274754878398196,19,0.803125,0.8078125,0.81875,0.8046875,0.8125,0.809375,0.005676844413932792
93,0.0009963035583496094,2.1845908137104702e-05,0.0,0.0,gini,0.004387755102040817,,,"{'criterion': 'gini', 'min_impurity_decrease': 0.004387755102040817}",0.79375,0.81875,0.78125,0.79375,0.7875,0.795,0.01274754878398196,19,0.803125,0.80625,0.815625,0.8046875,0.8125,0.8084374999999999,0.004800716092417896
94,0.0007967948913574219,0.0003989706219505969,0.00038537979125976565,0.0004719919228833591,gini,0.004489795918367347,,,"{'criterion': 'gini', 'min_impurity_decrease': 0.004489795918367347}",0.79375,0.81875,0.78125,0.79375,0.7875,0.795,0.01274754878398196,19,0.803125,0.80625,0.815625,0.8046875,0.8125,0.8084374999999999,0.004800716092417896
95,0.0007979393005371094,0.00039896966451610907,0.00019941329956054687,0.0003988265991210938,gini,0.004591836734693878,,,"{'criterion': 'gini', 'min_impurity_decrease': 0.004591836734693878}",0.8,0.81875,0.78125,0.79375,0.7875,0.7962499999999999,0.012869537676233752,15,0.796875,0.80625,0.815625,0.8046875,0.8125,0.8071875000000001,0.006525191568069104
96,0.0006037235260009765,0.0004930842164260053,0.0004050731658935547,0.0004961629830771969,gini,0.004693877551020408,,,"{'criterion': 'gini', 'min_impurity_decrease': 0.004693877551020408}",0.8,0.81875,0.78125,0.79375,0.7875,0.7962499999999999,0.012869537676233752,15,0.796875,0.80625,0.815625,0.8046875,0.8125,0.8071875000000001,0.006525191568069104
97,0.000997447967529297,1.9768681756880236e-05,0.0,0.0,gini,0.004795918367346939,,,"{'criterion': 'gini', 'min_impurity_decrease': 0.004795918367346939}",0.8,0.81875,0.78125,0.79375,0.79375,0.7975,0.01224744871391589,7,0.796875,0.80625,0.815625,0.8046875,0.809375,0.8065625000000001,0.006123724356957954
98,0.0007984638214111328,0.00039923331672486934,0.00019927024841308593,0.00039854049682617185,gini,0.004897959183673469,,,"{'criterion': 'gini', 'min_impurity_decrease': 0.004897959183673469}",0.8,0.81875,0.78125,0.79375,0.79375,0.7975,0.01224744871391589,7,0.796875,0.80625,0.815625,0.8046875,0.809375,0.8065625000000001,0.006123724356957954
99,0.0007977962493896484,0.00039890258139161906,0.0003983020782470703,0.0004878184334239993,gini,0.005,,,"{'criterion': 'gini', 'min_impurity_decrease': 0.005}",0.8,0.81875,0.78125,0.79375,0.79375,0.7975,0.01224744871391589,7,0.796875,0.80625,0.815625,0.8046875,0.8046875,0.805625,0.005978477021784075
100,0.0005907058715820312,0.00048249574571947217,0.0003996372222900391,0.0004894536906783155,,,2,,{'max_depth': 2},0.79375,0.8,0.8,0.79375,0.79375,0.79625,0.003061862178479016,10,0.803125,0.796875,0.796875,0.8046875,0.8046875,0.8012499999999999,0.0036174490321219436
101,0.0007977485656738281,0.00039887432558979505,0.0001995563507080078,0.0003991127014160156,,,3,,{'max_depth': 3},0.8,0.80625,0.78125,0.79375,0.7875,0.7937500000000001,0.00883883476483186,34,0.8125,0.8078125,0.8171875,0.80625,0.815625,0.811875,0.004261931780308063
102,0.0010028839111328124,1.1062827601661073e-05,0.0,0.0,,,4,,{'max_depth': 4},0.7875,0.79375,0.78125,0.78125,0.7875,0.78625,0.004677071733467411,52,0.821875,0.825,0.8296875,0.8328125,0.8359375,0.8290625,0.005096720759468773
103,0.0011978626251220703,0.00039862423975664356,0.00019989013671875,0.0003997802734375,,,5,,{'max_depth': 5},0.75625,0.8,0.7875,0.775,0.775,0.7787499999999999,0.014577379737113264,66,0.8375,0.8390625,0.846875,0.85,0.8546875,0.8456250000000001,0.006510208329999889
104,0.0009898662567138672,1.4759939477829113e-05,0.00039882659912109374,0.0004884608318481088,,,6,,{'max_depth': 6},0.775,0.8,0.75625,0.75,0.78125,0.7725000000000001,0.017940875118009174,71,0.84375,0.8515625,0.85625,0.8609375,0.8625,0.8550000000000001,0.0068036065803366505
105,0.0014030933380126953,0.0004958274890799386,0.00019898414611816407,0.00039796829223632814,,,7,,{'max_depth': 7},0.75625,0.775,0.79375,0.75625,0.775,0.77125,0.014031215200402278,72,0.8546875,0.8625,0.875,0.878125,0.8765625,0.8693750000000001,0.009196211855976341
106,0.0013953208923339843,0.00048785786415115814,0.0004001140594482422,0.000490037694480031,,,8,,{'max_depth': 8},0.75,0.775,0.775,0.75,0.775,0.7649999999999999,0.012247448713915901,76,0.8609375,0.8796875,0.896875,0.8984375,0.884375,0.8840625000000001,0.013600034466868083
107,0.0015894412994384766,0.00048305446009714703,0.00039825439453125,0.000487760609909582,,,9,,{'max_depth': 9},0.7125,0.76875,0.78125,0.725,0.7625,0.75,0.026516504294495532,84,0.875,0.903125,0.91875,0.9125,0.9015625,0.9021874999999999,0.01497393568838866
108,0.0019954681396484376,1.2669878249727652e-06,0.0,0.0,,,,2,{'min_samples_split': 2},0.60625,0.65,0.69375,0.675,0.675,0.6599999999999999,0.03025929609227553,120,1.0,1.0,1.0,1.0,1.0,1.0,0.0
109,0.0017904281616210938,0.00039682228442848496,0.00039887428283691406,0.0004885192380524391,,,,4,{'min_samples_split': 4},0.6875,0.6625,0.7125,0.675,0.6875,0.6849999999999999,0.01658312395177701,105,0.9578125,0.9609375,0.9578125,0.9671875,0.9625,0.96125,0.0034798527267687752
110,0.0017945289611816407,0.0003974223717533174,0.00039839744567871094,0.00048793593318216516,,,,6,{'min_samples_split': 6},0.7,0.675,0.7125,0.68125,0.6875,0.6912499999999999,0.013462912017836247,104,0.9421875,0.9390625,0.925,0.940625,0.9296875,0.9353125,0.0067459478577883945
111,0.0017961025238037109,0.00040071513823132336,0.00019993782043457032,0.00039987564086914064,,,,8,{'min_samples_split': 8},0.69375,0.69375,0.70625,0.7125,0.68125,0.6975,0.010897247358851692,101,0.91875,0.9171875,0.909375,0.9109375,0.925,0.91625,0.005642334401646193
112,0.0016028881072998047,0.0004913445167422699,0.00039811134338378905,0.00048758497177908895,,,,10,{'min_samples_split': 10},0.7125,0.69375,0.70625,0.725,0.6875,0.705,0.01334634781503914,99,0.890625,0.9015625,0.8921875,0.9078125,0.9125,0.9009375000000001,0.008535312677342283
113,0.001588916778564453,0.0004836303946211781,0.0003993988037109375,0.0004891617294495371,,,,12,{'min_samples_split': 12},0.725,0.7,0.7,0.725,0.69375,0.70875,0.013462912017836266,96,0.8828125,0.890625,0.8875,0.896875,0.8984375,0.8912500000000001,0.005812836011793211
114,0.0018023014068603515,0.000401893723152894,0.00019903182983398436,0.0003980636596679687,,,,14,{'min_samples_split': 14},0.7375,0.70625,0.73125,0.70625,0.7,0.7162499999999999,0.015103807466993215,95,0.865625,0.8859375,0.8703125,0.8734375,0.89375,0.8778125000000001,0.010430199542674167
115,0.0017971515655517579,0.00039825924737027144,0.00019893646240234374,0.0003978729248046875,,,,16,{'min_samples_split': 16},0.71875,0.75625,0.725,0.70625,0.70625,0.7224999999999999,0.01837117307087381,93,0.865625,0.878125,0.865625,0.8734375,0.8890625,0.874375,0.008761153605547621
116,0.0015945911407470703,0.0004892432526294129,0.00019936561584472657,0.00039873123168945315,,,,18,{'min_samples_split': 18},0.725,0.78125,0.725,0.7125,0.7125,0.73125,0.02561737691489899,91,0.86875,0.85625,0.865625,0.8671875,0.88125,0.8678125,0.00800390529679107
117,0.0013956069946289063,0.0004898636711394256,0.00039992332458496096,0.0004898047428578048,,,,20,{'min_samples_split': 20},0.7375,0.775,0.74375,0.71875,0.71875,0.73875,0.020691181696558567,88,0.8625,0.85,0.8546875,0.8625,0.8734375,0.860625,0.00799169490784026
118,0.0017870426177978515,0.00039498081757286213,0.0003990650177001953,0.000488754933044677,,,,22,{'min_samples_split': 22},0.73125,0.78125,0.73125,0.75,0.71875,0.7424999999999999,0.021794494717703377,87,0.859375,0.8421875,0.8515625,0.8390625,0.8625,0.8509375,0.009196211855976355
119,0.0015956401824951173,0.0004885387300577005,0.0003989219665527344,0.0004885776558898482,,,,24,{'min_samples_split': 24},0.75,0.78125,0.73125,0.74375,0.71875,0.745,0.021065374432940903,86,0.84375,0.8421875,0.853125,0.8375,0.8625,0.8478125000000001,0.008926785535678577
120,0.001592397689819336,0.00048593906056382415,0.00039844512939453126,0.000487993652053697,,,,26,{'min_samples_split': 26},0.75,0.78125,0.73125,0.75,0.74375,0.75125,0.01648863244784116,82,0.84375,0.840625,0.85,0.8375,0.846875,0.84375,0.004419417382415922
121,0.001993560791015625,0.000629778145238202,0.0001998424530029297,0.0003996849060058594,,,,28,{'min_samples_split': 28},0.76875,0.78125,0.7625,0.75,0.7375,0.76,0.015103807466993205,78,0.840625,0.8390625,0.8390625,0.8375,0.84375,0.8399999999999999,0.0021194781197266307
